id,module,args,truth
pool_k11_s0,recovery,--reads 40000 -k 11 --seed 0,
pool_k11_s1,recovery,--reads 40000 -k 11 --seed 1,
pool_k11_s2,recovery,--reads 40000 -k 11 --seed 2,
pool_k11_s3,recovery,--reads 40000 -k 11 --seed 3,
pool_k11_s4,recovery,--reads 40000 -k 11 --seed 4,
pool_k11_s5,recovery,--reads 40000 -k 11 --seed 5,
pool_k11_s6,recovery,--reads 40000 -k 11 --seed 6,
pool_k11_s7,recovery,--reads 40000 -k 11 --seed 7,
pool_k11_s8,recovery,--reads 40000 -k 11 --seed 8,
pool_k11_s9,recovery,--reads 40000 -k 11 --seed 9,
pool_k15_s0,recovery,--reads 40000 -k 15 --seed 0,
pool_k15_s1,recovery,--reads 40000 -k 15 --seed 1,
pool_k15_s2,recovery,--reads 40000 -k 15 --seed 2,
pool_k15_s3,recovery,--reads 40000 -k 15 --seed 3,
pool_k15_s4,recovery,--reads 40000 -k 15 --seed 4,
pool_k15_s5,recovery,--reads 40000 -k 15 --seed 5,
pool_k15_s6,recovery,--reads 40000 -k 15 --seed 6,
pool_k15_s7,recovery,--reads 40000 -k 15 --seed 7,
pool_k15_s8,recovery,--reads 40000 -k 15 --seed 8,
pool_k15_s9,recovery,--reads 40000 -k 15 --seed 9,
pool_k17_s0,recovery,--reads 40000 -k 17 --seed 0,
pool_k17_s1,recovery,--reads 40000 -k 17 --seed 1,
pool_k17_s2,recovery,--reads 40000 -k 17 --seed 2,
pool_k17_s3,recovery,--reads 40000 -k 17 --seed 3,
pool_k17_s4,recovery,--reads 40000 -k 17 --seed 4,
pool_k17_s5,recovery,--reads 40000 -k 17 --seed 5,
pool_k17_s6,recovery,--reads 40000 -k 17 --seed 6,
pool_k17_s7,recovery,--reads 40000 -k 17 --seed 7,
pool_k17_s8,recovery,--reads 40000 -k 17 --seed 8,
pool_k17_s9,recovery,--reads 40000 -k 17 --seed 9,
pool_k21_s0,recovery,--reads 40000 -k 21 --seed 0,
pool_k21_s1,recovery,--reads 40000 -k 21 --seed 1,
pool_k21_s2,recovery,--reads 40000 -k 21 --seed 2,
pool_k21_s3,recovery,--reads 40000 -k 21 --seed 3,
pool_k21_s4,recovery,--reads 40000 -k 21 --seed 4,
pool_k21_s5,recovery,--reads 40000 -k 21 --seed 5,
pool_k21_s6,recovery,--reads 40000 -k 21 --seed 6,
pool_k21_s7,recovery,--reads 40000 -k 21 --seed 7,
pool_k21_s8,recovery,--reads 40000 -k 21 --seed 8,
pool_k21_s9,recovery,--reads 40000 -k 21 --seed 9,
pool_k25_s0,recovery,--reads 40000 -k 25 --seed 0,
pool_k25_s1,recovery,--reads 40000 -k 25 --seed 1,
pool_k25_s2,recovery,--reads 40000 -k 25 --seed 2,
pool_k25_s3,recovery,--reads 40000 -k 25 --seed 3,
pool_k25_s4,recovery,--reads 40000 -k 25 --seed 4,
pool_k25_s5,recovery,--reads 40000 -k 25 --seed 5,
pool_k25_s6,recovery,--reads 40000 -k 25 --seed 6,
pool_k25_s7,recovery,--reads 40000 -k 25 --seed 7,
pool_k25_s8,recovery,--reads 40000 -k 25 --seed 8,
pool_k25_s9,recovery,--reads 40000 -k 25 --seed 9,
pool_k31_s0,recovery,--reads 40000 -k 31 --seed 0,
pool_k31_s1,recovery,--reads 40000 -k 31 --seed 1,
pool_k31_s2,recovery,--reads 40000 -k 31 --seed 2,
pool_k31_s3,recovery,--reads 40000 -k 31 --seed 3,
pool_k31_s4,recovery,--reads 40000 -k 31 --seed 4,
pool_k31_s5,recovery,--reads 40000 -k 31 --seed 5,
pool_k31_s6,recovery,--reads 40000 -k 31 --seed 6,
pool_k31_s7,recovery,--reads 40000 -k 31 --seed 7,
pool_k31_s8,recovery,--reads 40000 -k 31 --seed 8,
pool_k31_s9,recovery,--reads 40000 -k 31 --seed 9,
big_k11_s0,recovery,--reads 400000 --genome-length 200000 -k 11 --seed 0,
big_k11_s1,recovery,--reads 400000 --genome-length 200000 -k 11 --seed 1,
big_k11_s2,recovery,--reads 400000 --genome-length 200000 -k 11 --seed 2,
big_k21_s0,recovery,--reads 400000 --genome-length 200000 -k 21 --seed 0,
big_k21_s1,recovery,--reads 400000 --genome-length 200000 -k 21 --seed 1,
big_k21_s2,recovery,--reads 400000 --genome-length 200000 -k 21 --seed 2,
big_k31_s0,recovery,--reads 400000 --genome-length 200000 -k 31 --seed 0,
big_k31_s1,recovery,--reads 400000 --genome-length 200000 -k 31 --seed 1,
big_k31_s2,recovery,--reads 400000 --genome-length 200000 -k 31 --seed 2,
lb3_cov10_s0,recovery,--reads 13333 --genome-length 200000 -k 21 --seed 0 --skiver-arg=-l --skiver-arg=3,
lb3_cov10_s1,recovery,--reads 13333 --genome-length 200000 -k 21 --seed 1 --skiver-arg=-l --skiver-arg=3,
lb3_cov10_s2,recovery,--reads 13333 --genome-length 200000 -k 21 --seed 2 --skiver-arg=-l --skiver-arg=3,
lb5_cov10_s0,recovery,--reads 13333 --genome-length 200000 -k 21 --seed 0 --skiver-arg=-l --skiver-arg=5,
lb5_cov10_s1,recovery,--reads 13333 --genome-length 200000 -k 21 --seed 1 --skiver-arg=-l --skiver-arg=5,
lb5_cov10_s2,recovery,--reads 13333 --genome-length 200000 -k 21 --seed 2 --skiver-arg=-l --skiver-arg=5,
lb10_cov10_s0,recovery,--reads 13333 --genome-length 200000 -k 21 --seed 0 --skiver-arg=-l --skiver-arg=10,
lb10_cov10_s1,recovery,--reads 13333 --genome-length 200000 -k 21 --seed 1 --skiver-arg=-l --skiver-arg=10,
lb10_cov10_s2,recovery,--reads 13333 --genome-length 200000 -k 21 --seed 2 --skiver-arg=-l --skiver-arg=10,
lb20_cov10_s0,recovery,--reads 13333 --genome-length 200000 -k 21 --seed 0 --skiver-arg=-l --skiver-arg=20,
lb20_cov10_s1,recovery,--reads 13333 --genome-length 200000 -k 21 --seed 1 --skiver-arg=-l --skiver-arg=20,
lb20_cov10_s2,recovery,--reads 13333 --genome-length 200000 -k 21 --seed 2 --skiver-arg=-l --skiver-arg=20,
lb3_cov30_s0,recovery,--reads 40000 --genome-length 200000 -k 21 --seed 0 --skiver-arg=-l --skiver-arg=3,
lb3_cov30_s1,recovery,--reads 40000 --genome-length 200000 -k 21 --seed 1 --skiver-arg=-l --skiver-arg=3,
lb3_cov30_s2,recovery,--reads 40000 --genome-length 200000 -k 21 --seed 2 --skiver-arg=-l --skiver-arg=3,
lb5_cov30_s0,recovery,--reads 40000 --genome-length 200000 -k 21 --seed 0 --skiver-arg=-l --skiver-arg=5,
lb5_cov30_s1,recovery,--reads 40000 --genome-length 200000 -k 21 --seed 1 --skiver-arg=-l --skiver-arg=5,
lb5_cov30_s2,recovery,--reads 40000 --genome-length 200000 -k 21 --seed 2 --skiver-arg=-l --skiver-arg=5,
lb10_cov30_s0,recovery,--reads 40000 --genome-length 200000 -k 21 --seed 0 --skiver-arg=-l --skiver-arg=10,
lb10_cov30_s1,recovery,--reads 40000 --genome-length 200000 -k 21 --seed 1 --skiver-arg=-l --skiver-arg=10,
lb10_cov30_s2,recovery,--reads 40000 --genome-length 200000 -k 21 --seed 2 --skiver-arg=-l --skiver-arg=10,
lb20_cov30_s0,recovery,--reads 40000 --genome-length 200000 -k 21 --seed 0 --skiver-arg=-l --skiver-arg=20,
lb20_cov30_s1,recovery,--reads 40000 --genome-length 200000 -k 21 --seed 1 --skiver-arg=-l --skiver-arg=20,
lb20_cov30_s2,recovery,--reads 40000 --genome-length 200000 -k 21 --seed 2 --skiver-arg=-l --skiver-arg=20,
lb3_cov100_s0,recovery,--reads 133333 --genome-length 200000 -k 21 --seed 0 --skiver-arg=-l --skiver-arg=3,
lb3_cov100_s1,recovery,--reads 133333 --genome-length 200000 -k 21 --seed 1 --skiver-arg=-l --skiver-arg=3,
lb3_cov100_s2,recovery,--reads 133333 --genome-length 200000 -k 21 --seed 2 --skiver-arg=-l --skiver-arg=3,
lb5_cov100_s0,recovery,--reads 133333 --genome-length 200000 -k 21 --seed 0 --skiver-arg=-l --skiver-arg=5,
lb5_cov100_s1,recovery,--reads 133333 --genome-length 200000 -k 21 --seed 1 --skiver-arg=-l --skiver-arg=5,
lb5_cov100_s2,recovery,--reads 133333 --genome-length 200000 -k 21 --seed 2 --skiver-arg=-l --skiver-arg=5,
lb10_cov100_s0,recovery,--reads 133333 --genome-length 200000 -k 21 --seed 0 --skiver-arg=-l --skiver-arg=10,
lb10_cov100_s1,recovery,--reads 133333 --genome-length 200000 -k 21 --seed 1 --skiver-arg=-l --skiver-arg=10,
lb10_cov100_s2,recovery,--reads 133333 --genome-length 200000 -k 21 --seed 2 --skiver-arg=-l --skiver-arg=10,
lb20_cov100_s0,recovery,--reads 133333 --genome-length 200000 -k 21 --seed 0 --skiver-arg=-l --skiver-arg=20,
lb20_cov100_s1,recovery,--reads 133333 --genome-length 200000 -k 21 --seed 1 --skiver-arg=-l --skiver-arg=20,
lb20_cov100_s2,recovery,--reads 133333 --genome-length 200000 -k 21 --seed 2 --skiver-arg=-l --skiver-arg=20,
latent2_k11_s0,recovery,--reads 40000 -k 11 --seed 0,latent2
latent2_k11_s1,recovery,--reads 40000 -k 11 --seed 1,latent2
latent2_k11_s2,recovery,--reads 40000 -k 11 --seed 2,latent2
latent2_k11_s3,recovery,--reads 40000 -k 11 --seed 3,latent2
latent2_k11_s4,recovery,--reads 40000 -k 11 --seed 4,latent2
latent2_k15_s0,recovery,--reads 40000 -k 15 --seed 0,latent2
latent2_k15_s1,recovery,--reads 40000 -k 15 --seed 1,latent2
latent2_k15_s2,recovery,--reads 40000 -k 15 --seed 2,latent2
latent2_k15_s3,recovery,--reads 40000 -k 15 --seed 3,latent2
latent2_k15_s4,recovery,--reads 40000 -k 15 --seed 4,latent2
latent2_k21_s0,recovery,--reads 40000 -k 21 --seed 0,latent2
latent2_k21_s1,recovery,--reads 40000 -k 21 --seed 1,latent2
latent2_k21_s2,recovery,--reads 40000 -k 21 --seed 2,latent2
latent2_k21_s3,recovery,--reads 40000 -k 21 --seed 3,latent2
latent2_k21_s4,recovery,--reads 40000 -k 21 --seed 4,latent2
latent2_k25_s0,recovery,--reads 40000 -k 25 --seed 0,latent2
latent2_k25_s1,recovery,--reads 40000 -k 25 --seed 1,latent2
latent2_k25_s2,recovery,--reads 40000 -k 25 --seed 2,latent2
latent2_k25_s3,recovery,--reads 40000 -k 25 --seed 3,latent2
latent2_k25_s4,recovery,--reads 40000 -k 25 --seed 4,latent2
latent2_k31_s0,recovery,--reads 40000 -k 31 --seed 0,latent2
latent2_k31_s1,recovery,--reads 40000 -k 31 --seed 1,latent2
latent2_k31_s2,recovery,--reads 40000 -k 31 --seed 2,latent2
latent2_k31_s3,recovery,--reads 40000 -k 31 --seed 3,latent2
latent2_k31_s4,recovery,--reads 40000 -k 31 --seed 4,latent2
latent3_k11_s0,recovery,--reads 40000 -k 11 --seed 0,latent3
latent3_k11_s1,recovery,--reads 40000 -k 11 --seed 1,latent3
latent3_k11_s2,recovery,--reads 40000 -k 11 --seed 2,latent3
latent3_k11_s3,recovery,--reads 40000 -k 11 --seed 3,latent3
latent3_k11_s4,recovery,--reads 40000 -k 11 --seed 4,latent3
latent3_k15_s0,recovery,--reads 40000 -k 15 --seed 0,latent3
latent3_k15_s1,recovery,--reads 40000 -k 15 --seed 1,latent3
latent3_k15_s2,recovery,--reads 40000 -k 15 --seed 2,latent3
latent3_k15_s3,recovery,--reads 40000 -k 15 --seed 3,latent3
latent3_k15_s4,recovery,--reads 40000 -k 15 --seed 4,latent3
latent3_k21_s0,recovery,--reads 40000 -k 21 --seed 0,latent3
latent3_k21_s1,recovery,--reads 40000 -k 21 --seed 1,latent3
latent3_k21_s2,recovery,--reads 40000 -k 21 --seed 2,latent3
latent3_k21_s3,recovery,--reads 40000 -k 21 --seed 3,latent3
latent3_k21_s4,recovery,--reads 40000 -k 21 --seed 4,latent3
latent3_k25_s0,recovery,--reads 40000 -k 25 --seed 0,latent3
latent3_k25_s1,recovery,--reads 40000 -k 25 --seed 1,latent3
latent3_k25_s2,recovery,--reads 40000 -k 25 --seed 2,latent3
latent3_k25_s3,recovery,--reads 40000 -k 25 --seed 3,latent3
latent3_k25_s4,recovery,--reads 40000 -k 25 --seed 4,latent3
latent3_k31_s0,recovery,--reads 40000 -k 31 --seed 0,latent3
latent3_k31_s1,recovery,--reads 40000 -k 31 --seed 1,latent3
latent3_k31_s2,recovery,--reads 40000 -k 31 --seed 2,latent3
latent3_k31_s3,recovery,--reads 40000 -k 31 --seed 3,latent3
latent3_k31_s4,recovery,--reads 40000 -k 31 --seed 4,latent3
